"FullPath","RelativePath","Depth","PathPrefix"
"C:\Users\rushi\OneDrive\Desktop\shiksha_Infotech\shiksha_Infotech\index.htm","index.htm","0",""
"C:\Users\rushi\OneDrive\Desktop\shiksha_Infotech\shiksha_Infotech\2023\03\18\clutch-recognizes-shiksha-among-new-yorks-top-development-for-2023\index-1.htm","2023/03/18/clutch-recognizes-shiksha-among-new-yorks-top-development-for-2023/index-1.htm","4","../../../../"
"C:\Users\rushi\OneDrive\Desktop\shiksha_Infotech\shiksha_Infotech\2023\03\18\clutch-recognizes-shiksha-among-new-yorks-top-development-for-2023\index.htm","2023/03/18/clutch-recognizes-shiksha-among-new-yorks-top-development-for-2023/index.htm","4","../../../../"
"C:\Users\rushi\OneDrive\Desktop\shiksha_Infotech\shiksha_Infotech\2023\03\18\clutch-recognizes-shiksha-among-new-yorks-top-development-for-2023\feed\index.htm","2023/03/18/clutch-recognizes-shiksha-among-new-yorks-top-development-for-2023/feed/index.htm","5","../../../../../"
"C:\Users\rushi\OneDrive\Desktop\shiksha_Infotech\shiksha_Infotech\2023\03\18\how-chat-gpt-is-revolutionizing-the-way-we-find-information\index-1.htm","2023/03/18/how-chat-gpt-is-revolutionizing-the-way-we-find-information/index-1.htm","4","../../../../"
"C:\Users\rushi\OneDrive\Desktop\shiksha_Infotech\shiksha_Infotech\2023\03\18\how-chat-gpt-is-revolutionizing-the-way-we-find-information\index.htm","2023/03/18/how-chat-gpt-is-revolutionizing-the-way-we-find-information/index.htm","4","../../../../"
"C:\Users\rushi\OneDrive\Desktop\shiksha_Infotech\shiksha_Infotech\2023\03\18\how-chat-gpt-is-revolutionizing-the-way-we-find-information\feed\index.htm","2023/03/18/how-chat-gpt-is-revolutionizing-the-way-we-find-information/feed/index.htm","5","../../../../../"
"C:\Users\rushi\OneDrive\Desktop\shiksha_Infotech\shiksha_Infotech\2023\03\18\identify-the-best-technologies-for-your-business-with-shikshas-new-tool\index-1.htm","2023/03/18/identify-the-best-technologies-for-your-business-with-shikshas-new-tool/index-1.htm","4","../../../../"
"C:\Users\rushi\OneDrive\Desktop\shiksha_Infotech\shiksha_Infotech\2023\03\18\identify-the-best-technologies-for-your-business-with-shikshas-new-tool\index.htm","2023/03/18/identify-the-best-technologies-for-your-business-with-shikshas-new-tool/index.htm","4","../../../../"
"C:\Users\rushi\OneDrive\Desktop\shiksha_Infotech\shiksha_Infotech\2023\03\18\identify-the-best-technologies-for-your-business-with-shikshas-new-tool\feed\index.htm","2023/03/18/identify-the-best-technologies-for-your-business-with-shikshas-new-tool/feed/index.htm","5","../../../../../"
"C:\Users\rushi\OneDrive\Desktop\shiksha_Infotech\shiksha_Infotech\2023\03\20\azure-implementations\index.htm","2023/03/20/azure-implementations/index.htm","4","../../../../"
"C:\Users\rushi\OneDrive\Desktop\shiksha_Infotech\shiksha_Infotech\2023\03\20\big-data-lake-implementation\index.htm","2023/03/20/big-data-lake-implementation/index.htm","4","../../../../"
"C:\Users\rushi\OneDrive\Desktop\shiksha_Infotech\shiksha_Infotech\2023\03\20\bringing-premium-live-casino-experiences-to-gamers-across-the-globe\index.htm","2023/03/20/bringing-premium-live-casino-experiences-to-gamers-across-the-globe/index.htm","4","../../../../"
"C:\Users\rushi\OneDrive\Desktop\shiksha_Infotech\shiksha_Infotech\2023\03\20\bringing-premium-live-casino-experiences-to-gamers-across-the-globe\feed\index.htm","2023/03/20/bringing-premium-live-casino-experiences-to-gamers-across-the-globe/feed/index.htm","5","../../../../../"
"C:\Users\rushi\OneDrive\Desktop\shiksha_Infotech\shiksha_Infotech\2023\03\20\building-optimising-and-future-proofing-existing-infrastructures-with-payment-gateways\index.htm","2023/03/20/building-optimising-and-future-proofing-existing-infrastructures-with-payment-gateways/index.htm","4","../../../../"
"C:\Users\rushi\OneDrive\Desktop\shiksha_Infotech\shiksha_Infotech\2023\03\20\building-optimising-and-future-proofing-existing-infrastructures-with-payment-gateways\feed\index.htm","2023/03/20/building-optimising-and-future-proofing-existing-infrastructures-with-payment-gateways/feed/index.htm","5","../../../../../"
"C:\Users\rushi\OneDrive\Desktop\shiksha_Infotech\shiksha_Infotech\2023\03\20\convenience-savings-and-rewards-at-your-fingertips-2\index.htm","2023/03/20/convenience-savings-and-rewards-at-your-fingertips-2/index.htm","4","../../../../"
"C:\Users\rushi\OneDrive\Desktop\shiksha_Infotech\shiksha_Infotech\2023\03\20\convenience-savings-and-rewards-at-your-fingertips-2\feed\index.htm","2023/03/20/convenience-savings-and-rewards-at-your-fingertips-2/feed/index.htm","5","../../../../../"
"C:\Users\rushi\OneDrive\Desktop\shiksha_Infotech\shiksha_Infotech\2023\03\20\delivering-enterprise-wide-efficiencies-at-paysafe-through-intelligent-automation\index.htm","2023/03/20/delivering-enterprise-wide-efficiencies-at-paysafe-through-intelligent-automation/index.htm","4","../../../../"
"C:\Users\rushi\OneDrive\Desktop\shiksha_Infotech\shiksha_Infotech\2023\03\20\delivering-enterprise-wide-efficiencies-at-paysafe-through-intelligent-automation\feed\index.htm","2023/03/20/delivering-enterprise-wide-efficiencies-at-paysafe-through-intelligent-automation/feed/index.htm","5","../../../../../"
"C:\Users\rushi\OneDrive\Desktop\shiksha_Infotech\shiksha_Infotech\2023\03\20\major-insurance-provider-saves-750k-per-month-with-big-data-migration\index.htm","2023/03/20/major-insurance-provider-saves-750k-per-month-with-big-data-migration/index.htm","4","../../../../"
"C:\Users\rushi\OneDrive\Desktop\shiksha_Infotech\shiksha_Infotech\2023\03\20\major-insurance-provider-saves-750k-per-month-with-big-data-migration\feed\index.htm","2023/03/20/major-insurance-provider-saves-750k-per-month-with-big-data-migration/feed/index.htm","5","../../../../../"
"C:\Users\rushi\OneDrive\Desktop\shiksha_Infotech\shiksha_Infotech\2023\03\20\maximizing-efficiency-with-proper-technology-implementation-coffee-success-story\index.htm","2023/03/20/maximizing-efficiency-with-proper-technology-implementation-coffee-success-story/index.htm","4","../../../../"
"C:\Users\rushi\OneDrive\Desktop\shiksha_Infotech\shiksha_Infotech\2023\03\20\maximizing-efficiency-with-proper-technology-implementation-coffee-success-story\feed\index.htm","2023/03/20/maximizing-efficiency-with-proper-technology-implementation-coffee-success-story/feed/index.htm","5","../../../../../"
"C:\Users\rushi\OneDrive\Desktop\shiksha_Infotech\shiksha_Infotech\2023\03\20\network-performance-and-monitoring-tool\index.htm","2023/03/20/network-performance-and-monitoring-tool/index.htm","4","../../../../"
"C:\Users\rushi\OneDrive\Desktop\shiksha_Infotech\shiksha_Infotech\2023\03\20\online-platform-for-distance-learning\index.htm","2023/03/20/online-platform-for-distance-learning/index.htm","4","../../../../"
"C:\Users\rushi\OneDrive\Desktop\shiksha_Infotech\shiksha_Infotech\2023\03\20\online-platform-for-distance-learning\feed\index.htm","2023/03/20/online-platform-for-distance-learning/feed/index.htm","5","../../../../../"
"C:\Users\rushi\OneDrive\Desktop\shiksha_Infotech\shiksha_Infotech\2023\03\20\private-trust-management-and-trading-platform\index.htm","2023/03/20/private-trust-management-and-trading-platform/index.htm","4","../../../../"
"C:\Users\rushi\OneDrive\Desktop\shiksha_Infotech\shiksha_Infotech\2023\03\20\private-trust-management-and-trading-platform\feed\index.htm","2023/03/20/private-trust-management-and-trading-platform/feed/index.htm","5","../../../../../"
"C:\Users\rushi\OneDrive\Desktop\shiksha_Infotech\shiksha_Infotech\2023\03\20\smarts-infra-monitoring-tool\index.htm","2023/03/20/smarts-infra-monitoring-tool/index.htm","4","../../../../"
"C:\Users\rushi\OneDrive\Desktop\shiksha_Infotech\shiksha_Infotech\2023\03\20\strategic-move-to-an-ai-supported-application-for-public-safety-travel-app-in-london\index.htm","2023/03/20/strategic-move-to-an-ai-supported-application-for-public-safety-travel-app-in-london/index.htm","4","../../../../"
"C:\Users\rushi\OneDrive\Desktop\shiksha_Infotech\shiksha_Infotech\2023\03\20\strategic-move-to-an-ai-supported-application-for-public-safety-travel-app-in-london\feed\index.htm","2023/03/20/strategic-move-to-an-ai-supported-application-for-public-safety-travel-app-in-london/feed/index.htm","5","../../../../../"
"C:\Users\rushi\OneDrive\Desktop\shiksha_Infotech\shiksha_Infotech\2023\03\20\workflow-management-tool\index.htm","2023/03/20/workflow-management-tool/index.htm","4","../../../../"
"C:\Users\rushi\OneDrive\Desktop\shiksha_Infotech\shiksha_Infotech\2023\03\21\shiksha-has-been-recognized-as-a-leader-in-the-2022-gartner\index-1.htm","2023/03/21/shiksha-has-been-recognized-as-a-leader-in-the-2022-gartner/index-1.htm","4","../../../../"
"C:\Users\rushi\OneDrive\Desktop\shiksha_Infotech\shiksha_Infotech\2023\03\21\shiksha-has-been-recognized-as-a-leader-in-the-2022-gartner\index.htm","2023/03/21/shiksha-has-been-recognized-as-a-leader-in-the-2022-gartner/index.htm","4","../../../../"
"C:\Users\rushi\OneDrive\Desktop\shiksha_Infotech\shiksha_Infotech\2023\03\21\shiksha-has-been-recognized-as-a-leader-in-the-2022-gartner\feed\index.htm","2023/03/21/shiksha-has-been-recognized-as-a-leader-in-the-2022-gartner/feed/index.htm","5","../../../../../"
"C:\Users\rushi\OneDrive\Desktop\shiksha_Infotech\shiksha_Infotech\2023\04\07\financials-face-off-sage-100-erp-vs-cloud\index-1.htm","2023/04/07/financials-face-off-sage-100-erp-vs-cloud/index-1.htm","4","../../../../"
"C:\Users\rushi\OneDrive\Desktop\shiksha_Infotech\shiksha_Infotech\2023\04\07\financials-face-off-sage-100-erp-vs-cloud\index.htm","2023/04/07/financials-face-off-sage-100-erp-vs-cloud/index.htm","4","../../../../"
"C:\Users\rushi\OneDrive\Desktop\shiksha_Infotech\shiksha_Infotech\2023\04\07\financials-face-off-sage-100-erp-vs-cloud\feed\index.htm","2023/04/07/financials-face-off-sage-100-erp-vs-cloud/feed/index.htm","5","../../../../../"
"C:\Users\rushi\OneDrive\Desktop\shiksha_Infotech\shiksha_Infotech\2023\04\10\4-cybersecurity-takeaways-from-chinas-largest-data-breach\index-1.htm","2023/04/10/4-cybersecurity-takeaways-from-chinas-largest-data-breach/index-1.htm","4","../../../../"
"C:\Users\rushi\OneDrive\Desktop\shiksha_Infotech\shiksha_Infotech\2023\04\10\4-cybersecurity-takeaways-from-chinas-largest-data-breach\index.htm","2023/04/10/4-cybersecurity-takeaways-from-chinas-largest-data-breach/index.htm","4","../../../../"
"C:\Users\rushi\OneDrive\Desktop\shiksha_Infotech\shiksha_Infotech\2023\04\10\4-cybersecurity-takeaways-from-chinas-largest-data-breach\feed\index.htm","2023/04/10/4-cybersecurity-takeaways-from-chinas-largest-data-breach/feed/index.htm","5","../../../../../"
"C:\Users\rushi\OneDrive\Desktop\shiksha_Infotech\shiksha_Infotech\2023\04\10\5-impactful-elements-that-promote-it-and-business-alignment\index-1.htm","2023/04/10/5-impactful-elements-that-promote-it-and-business-alignment/index-1.htm","4","../../../../"
"C:\Users\rushi\OneDrive\Desktop\shiksha_Infotech\shiksha_Infotech\2023\04\10\5-impactful-elements-that-promote-it-and-business-alignment\index.htm","2023/04/10/5-impactful-elements-that-promote-it-and-business-alignment/index.htm","4","../../../../"
"C:\Users\rushi\OneDrive\Desktop\shiksha_Infotech\shiksha_Infotech\2023\04\10\5-impactful-elements-that-promote-it-and-business-alignment\feed\index.htm","2023/04/10/5-impactful-elements-that-promote-it-and-business-alignment/feed/index.htm","5","../../../../../"
"C:\Users\rushi\OneDrive\Desktop\shiksha_Infotech\shiksha_Infotech\2023\04\10\healthy-supply-chain-management-positions-uniwell-for-growth\index-1.htm","2023/04/10/healthy-supply-chain-management-positions-uniwell-for-growth/index-1.htm","4","../../../../"
"C:\Users\rushi\OneDrive\Desktop\shiksha_Infotech\shiksha_Infotech\2023\04\10\healthy-supply-chain-management-positions-uniwell-for-growth\index.htm","2023/04/10/healthy-supply-chain-management-positions-uniwell-for-growth/index.htm","4","../../../../"
"C:\Users\rushi\OneDrive\Desktop\shiksha_Infotech\shiksha_Infotech\2023\04\10\healthy-supply-chain-management-positions-uniwell-for-growth\feed\index.htm","2023/04/10/healthy-supply-chain-management-positions-uniwell-for-growth/feed/index.htm","5","../../../../../"
"C:\Users\rushi\OneDrive\Desktop\shiksha_Infotech\shiksha_Infotech\2023\04\10\heavy-equipment-manufacturer-finds-concrete-solutions\index-1.htm","2023/04/10/heavy-equipment-manufacturer-finds-concrete-solutions/index-1.htm","4","../../../../"
"C:\Users\rushi\OneDrive\Desktop\shiksha_Infotech\shiksha_Infotech\2023\04\10\heavy-equipment-manufacturer-finds-concrete-solutions\index.htm","2023/04/10/heavy-equipment-manufacturer-finds-concrete-solutions/index.htm","4","../../../../"
"C:\Users\rushi\OneDrive\Desktop\shiksha_Infotech\shiksha_Infotech\2023\04\10\heavy-equipment-manufacturer-finds-concrete-solutions\feed\index.htm","2023/04/10/heavy-equipment-manufacturer-finds-concrete-solutions/feed/index.htm","5","../../../../../"
"C:\Users\rushi\OneDrive\Desktop\shiksha_Infotech\shiksha_Infotech\2023\04\10\how-startups-are-cutting-cloud-costs-renegotiating-deals-with-service-providers\index-1.htm","2023/04/10/how-startups-are-cutting-cloud-costs-renegotiating-deals-with-service-providers/index-1.htm","4","../../../../"
"C:\Users\rushi\OneDrive\Desktop\shiksha_Infotech\shiksha_Infotech\2023\04\10\how-startups-are-cutting-cloud-costs-renegotiating-deals-with-service-providers\index.htm","2023/04/10/how-startups-are-cutting-cloud-costs-renegotiating-deals-with-service-providers/index.htm","4","../../../../"
"C:\Users\rushi\OneDrive\Desktop\shiksha_Infotech\shiksha_Infotech\2023\04\10\how-startups-are-cutting-cloud-costs-renegotiating-deals-with-service-providers\feed\index.htm","2023/04/10/how-startups-are-cutting-cloud-costs-renegotiating-deals-with-service-providers/feed/index.htm","5","../../../../../"
"C:\Users\rushi\OneDrive\Desktop\shiksha_Infotech\shiksha_Infotech\2023\04\10\next-generation-erp-brings-transformational-change-to-dental-insurer\index-1.htm","2023/04/10/next-generation-erp-brings-transformational-change-to-dental-insurer/index-1.htm","4","../../../../"
"C:\Users\rushi\OneDrive\Desktop\shiksha_Infotech\shiksha_Infotech\2023\04\10\next-generation-erp-brings-transformational-change-to-dental-insurer\index.htm","2023/04/10/next-generation-erp-brings-transformational-change-to-dental-insurer/index.htm","4","../../../../"
"C:\Users\rushi\OneDrive\Desktop\shiksha_Infotech\shiksha_Infotech\2023\04\10\next-generation-erp-brings-transformational-change-to-dental-insurer\feed\index.htm","2023/04/10/next-generation-erp-brings-transformational-change-to-dental-insurer/feed/index.htm","5","../../../../../"
"C:\Users\rushi\OneDrive\Desktop\shiksha_Infotech\shiksha_Infotech\2023\04\10\simplifying-and-securing-attachments-in-sage-x3\index-1.htm","2023/04/10/simplifying-and-securing-attachments-in-sage-x3/index-1.htm","4","../../../../"
"C:\Users\rushi\OneDrive\Desktop\shiksha_Infotech\shiksha_Infotech\2023\04\10\simplifying-and-securing-attachments-in-sage-x3\index.htm","2023/04/10/simplifying-and-securing-attachments-in-sage-x3/index.htm","4","../../../../"
"C:\Users\rushi\OneDrive\Desktop\shiksha_Infotech\shiksha_Infotech\2023\04\10\simplifying-and-securing-attachments-in-sage-x3\feed\index.htm","2023/04/10/simplifying-and-securing-attachments-in-sage-x3/feed/index.htm","5","../../../../../"
"C:\Users\rushi\OneDrive\Desktop\shiksha_Infotech\shiksha_Infotech\2023\04\10\top-5-tips-for-solving-the-email-security-problem\index-1.htm","2023/04/10/top-5-tips-for-solving-the-email-security-problem/index-1.htm","4","../../../../"
"C:\Users\rushi\OneDrive\Desktop\shiksha_Infotech\shiksha_Infotech\2023\04\10\top-5-tips-for-solving-the-email-security-problem\index.htm","2023/04/10/top-5-tips-for-solving-the-email-security-problem/index.htm","4","../../../../"
"C:\Users\rushi\OneDrive\Desktop\shiksha_Infotech\shiksha_Infotech\2023\04\10\top-5-tips-for-solving-the-email-security-problem\feed\index.htm","2023/04/10/top-5-tips-for-solving-the-email-security-problem/feed/index.htm","5","../../../../../"
"C:\Users\rushi\OneDrive\Desktop\shiksha_Infotech\shiksha_Infotech\2023\04\10\what-you-shouldnt-be-doing-with-your-cybersecurity-in-2023\index-1.htm","2023/04/10/what-you-shouldnt-be-doing-with-your-cybersecurity-in-2023/index-1.htm","4","../../../../"
"C:\Users\rushi\OneDrive\Desktop\shiksha_Infotech\shiksha_Infotech\2023\04\10\what-you-shouldnt-be-doing-with-your-cybersecurity-in-2023\index.htm","2023/04/10/what-you-shouldnt-be-doing-with-your-cybersecurity-in-2023/index.htm","4","../../../../"
"C:\Users\rushi\OneDrive\Desktop\shiksha_Infotech\shiksha_Infotech\2023\04\10\what-you-shouldnt-be-doing-with-your-cybersecurity-in-2023\feed\index.htm","2023/04/10/what-you-shouldnt-be-doing-with-your-cybersecurity-in-2023/feed/index.htm","5","../../../../../"
"C:\Users\rushi\OneDrive\Desktop\shiksha_Infotech\shiksha_Infotech\about\index.htm","about/index.htm","1","../"
"C:\Users\rushi\OneDrive\Desktop\shiksha_Infotech\shiksha_Infotech\app-development\index.htm","app-development/index.htm","1","../"
"C:\Users\rushi\OneDrive\Desktop\shiksha_Infotech\shiksha_Infotech\blog\index.htm","blog/index.htm","1","../"
"C:\Users\rushi\OneDrive\Desktop\shiksha_Infotech\shiksha_Infotech\careers\index.htm","careers/index.htm","1","../"
"C:\Users\rushi\OneDrive\Desktop\shiksha_Infotech\shiksha_Infotech\case-studies\index.htm","case-studies/index.htm","1","../"
"C:\Users\rushi\OneDrive\Desktop\shiksha_Infotech\shiksha_Infotech\category\case-studies\app-develoment\index.htm","category/case-studies/app-develoment/index.htm","3","../../../"
"C:\Users\rushi\OneDrive\Desktop\shiksha_Infotech\shiksha_Infotech\category\case-studies\app-develoment\feed\index.htm","category/case-studies/app-develoment/feed/index.htm","4","../../../../"
"C:\Users\rushi\OneDrive\Desktop\shiksha_Infotech\shiksha_Infotech\category\case-studies\cloud-hosting\index.htm","category/case-studies/cloud-hosting/index.htm","3","../../../"
"C:\Users\rushi\OneDrive\Desktop\shiksha_Infotech\shiksha_Infotech\category\case-studies\cloud-hosting\feed\index.htm","category/case-studies/cloud-hosting/feed/index.htm","4","../../../../"
"C:\Users\rushi\OneDrive\Desktop\shiksha_Infotech\shiksha_Infotech\category\case-studies\cyber-security\index.htm","category/case-studies/cyber-security/index.htm","3","../../../"
"C:\Users\rushi\OneDrive\Desktop\shiksha_Infotech\shiksha_Infotech\category\case-studies\cyber-security\feed\index.htm","category/case-studies/cyber-security/feed/index.htm","4","../../../../"
"C:\Users\rushi\OneDrive\Desktop\shiksha_Infotech\shiksha_Infotech\category\case-studies\digital-transformation\index.htm","category/case-studies/digital-transformation/index.htm","3","../../../"
"C:\Users\rushi\OneDrive\Desktop\shiksha_Infotech\shiksha_Infotech\category\case-studies\digital-transformation\feed\index.htm","category/case-studies/digital-transformation/feed/index.htm","4","../../../../"
"C:\Users\rushi\OneDrive\Desktop\shiksha_Infotech\shiksha_Infotech\category\case-studies\it-consulting\index.htm","category/case-studies/it-consulting/index.htm","3","../../../"
"C:\Users\rushi\OneDrive\Desktop\shiksha_Infotech\shiksha_Infotech\category\case-studies\it-consulting\feed\index.htm","category/case-studies/it-consulting/feed/index.htm","4","../../../../"
"C:\Users\rushi\OneDrive\Desktop\shiksha_Infotech\shiksha_Infotech\category\case-studies\mobile-development\index.htm","category/case-studies/mobile-development/index.htm","3","../../../"
"C:\Users\rushi\OneDrive\Desktop\shiksha_Infotech\shiksha_Infotech\category\case-studies\mobile-development\feed\index.htm","category/case-studies/mobile-development/feed/index.htm","4","../../../../"
"C:\Users\rushi\OneDrive\Desktop\shiksha_Infotech\shiksha_Infotech\category\news\index.htm","category/news/index.htm","2","../../"
"C:\Users\rushi\OneDrive\Desktop\shiksha_Infotech\shiksha_Infotech\category\news\cybersecurity\index.htm","category/news/cybersecurity/index.htm","3","../../../"
"C:\Users\rushi\OneDrive\Desktop\shiksha_Infotech\shiksha_Infotech\category\news\cybersecurity\feed\index.htm","category/news/cybersecurity/feed/index.htm","4","../../../../"
"C:\Users\rushi\OneDrive\Desktop\shiksha_Infotech\shiksha_Infotech\category\news\development\index.htm","category/news/development/index.htm","3","../../../"
"C:\Users\rushi\OneDrive\Desktop\shiksha_Infotech\shiksha_Infotech\category\news\development\feed\index.htm","category/news/development/feed/index.htm","4","../../../../"
"C:\Users\rushi\OneDrive\Desktop\shiksha_Infotech\shiksha_Infotech\category\news\feed\index.htm","category/news/feed/index.htm","3","../../../"
"C:\Users\rushi\OneDrive\Desktop\shiksha_Infotech\shiksha_Infotech\category\news\financials\index.htm","category/news/financials/index.htm","3","../../../"
"C:\Users\rushi\OneDrive\Desktop\shiksha_Infotech\shiksha_Infotech\category\news\financials\feed\index.htm","category/news/financials/feed/index.htm","4","../../../../"
"C:\Users\rushi\OneDrive\Desktop\shiksha_Infotech\shiksha_Infotech\category\news\it\index.htm","category/news/it/index.htm","3","../../../"
"C:\Users\rushi\OneDrive\Desktop\shiksha_Infotech\shiksha_Infotech\category\news\it\feed\index.htm","category/news/it/feed/index.htm","4","../../../../"
"C:\Users\rushi\OneDrive\Desktop\shiksha_Infotech\shiksha_Infotech\category\news\startups\index.htm","category/news/startups/index.htm","3","../../../"
"C:\Users\rushi\OneDrive\Desktop\shiksha_Infotech\shiksha_Infotech\category\news\startups\feed\index.htm","category/news/startups/feed/index.htm","4","../../../../"
"C:\Users\rushi\OneDrive\Desktop\shiksha_Infotech\shiksha_Infotech\client-support\index.htm","client-support/index.htm","1","../"
"C:\Users\rushi\OneDrive\Desktop\shiksha_Infotech\shiksha_Infotech\comments\feed\index.htm","comments/feed/index.htm","2","../../"
"C:\Users\rushi\OneDrive\Desktop\shiksha_Infotech\shiksha_Infotech\contact\index.htm","contact/index.htm","1","../"
"C:\Users\rushi\OneDrive\Desktop\shiksha_Infotech\shiksha_Infotech\events\index.htm","events/index.htm","1","../"
"C:\Users\rushi\OneDrive\Desktop\shiksha_Infotech\shiksha_Infotech\events\denver-cybersecurity-lunch-learn\index.htm","events/denver-cybersecurity-lunch-learn/index.htm","2","../../"
"C:\Users\rushi\OneDrive\Desktop\shiksha_Infotech\shiksha_Infotech\events\introducing-shiksha-fort-worth\index.htm","events/introducing-shiksha-fort-worth/index.htm","2","../../"
"C:\Users\rushi\OneDrive\Desktop\shiksha_Infotech\shiksha_Infotech\events\microsoft-teams-the-productivity-swiss-army-knife\index.htm","events/microsoft-teams-the-productivity-swiss-army-knife/index.htm","2","../../"
"C:\Users\rushi\OneDrive\Desktop\shiksha_Infotech\shiksha_Infotech\faq\index.htm","faq/index.htm","1","../"
"C:\Users\rushi\OneDrive\Desktop\shiksha_Infotech\shiksha_Infotech\feed\index.htm","feed/index.htm","1","../"
"C:\Users\rushi\OneDrive\Desktop\shiksha_Infotech\shiksha_Infotech\industries\index.htm","industries/index.htm","1","../"
"C:\Users\rushi\OneDrive\Desktop\shiksha_Infotech\shiksha_Infotech\industries\banks-insurance\index.htm","industries/banks-insurance/index.htm","2","../../"
"C:\Users\rushi\OneDrive\Desktop\shiksha_Infotech\shiksha_Infotech\industries\consulting-providers\index.htm","industries/consulting-providers/index.htm","2","../../"
"C:\Users\rushi\OneDrive\Desktop\shiksha_Infotech\shiksha_Infotech\industries\dating-apps\index.htm","industries/dating-apps/index.htm","2","../../"
"C:\Users\rushi\OneDrive\Desktop\shiksha_Infotech\shiksha_Infotech\industries\fintech\index.htm","industries/fintech/index.htm","2","../../"
"C:\Users\rushi\OneDrive\Desktop\shiksha_Infotech\shiksha_Infotech\industries\healthcare\index.htm","industries/healthcare/index.htm","2","../../"
"C:\Users\rushi\OneDrive\Desktop\shiksha_Infotech\shiksha_Infotech\industries\industry-manufacturing\index.htm","industries/industry-manufacturing/index.htm","2","../../"
"C:\Users\rushi\OneDrive\Desktop\shiksha_Infotech\shiksha_Infotech\industries\non-profit\index.htm","industries/non-profit/index.htm","2","../../"
"C:\Users\rushi\OneDrive\Desktop\shiksha_Infotech\shiksha_Infotech\industries\telemedicine\index.htm","industries/telemedicine/index.htm","2","../../"
"C:\Users\rushi\OneDrive\Desktop\shiksha_Infotech\shiksha_Infotech\industries\transportation-logistics\index.htm","industries/transportation-logistics/index.htm","2","../../"
"C:\Users\rushi\OneDrive\Desktop\shiksha_Infotech\shiksha_Infotech\partnerships\index.htm","partnerships/index.htm","1","../"
"C:\Users\rushi\OneDrive\Desktop\shiksha_Infotech\shiksha_Infotech\privacy-policy\index.htm","privacy-policy/index.htm","1","../"
"C:\Users\rushi\OneDrive\Desktop\shiksha_Infotech\shiksha_Infotech\reviews-awards\index.htm","reviews-awards/index.htm","1","../"
"C:\Users\rushi\OneDrive\Desktop\shiksha_Infotech\shiksha_Infotech\solutions\index.htm","solutions/index.htm","1","../"
"C:\Users\rushi\OneDrive\Desktop\shiksha_Infotech\shiksha_Infotech\solutions\android-development\index.htm","solutions/android-development/index.htm","2","../../"
"C:\Users\rushi\OneDrive\Desktop\shiksha_Infotech\shiksha_Infotech\solutions\automation\index.htm","solutions/automation/index.htm","2","../../"
"C:\Users\rushi\OneDrive\Desktop\shiksha_Infotech\shiksha_Infotech\solutions\blockchain\index.htm","solutions/blockchain/index.htm","2","../../"
"C:\Users\rushi\OneDrive\Desktop\shiksha_Infotech\shiksha_Infotech\solutions\cloud-services\index.htm","solutions/cloud-services/index.htm","2","../../"
"C:\Users\rushi\OneDrive\Desktop\shiksha_Infotech\shiksha_Infotech\solutions\custom-software-development\index.htm","solutions/custom-software-development/index.htm","2","../../"
"C:\Users\rushi\OneDrive\Desktop\shiksha_Infotech\shiksha_Infotech\solutions\cyber-security\index.htm","solutions/cyber-security/index.htm","2","../../"
"C:\Users\rushi\OneDrive\Desktop\shiksha_Infotech\shiksha_Infotech\solutions\digital-transformation\index.htm","solutions/digital-transformation/index.htm","2","../../"
"C:\Users\rushi\OneDrive\Desktop\shiksha_Infotech\shiksha_Infotech\solutions\erp-solutions\index.htm","solutions/erp-solutions/index.htm","2","../../"
"C:\Users\rushi\OneDrive\Desktop\shiksha_Infotech\shiksha_Infotech\solutions\gaining-efficiency\index.htm","solutions/gaining-efficiency/index.htm","2","../../"
"C:\Users\rushi\OneDrive\Desktop\shiksha_Infotech\shiksha_Infotech\solutions\hybrid-app-development\index.htm","solutions/hybrid-app-development/index.htm","2","../../"
"C:\Users\rushi\OneDrive\Desktop\shiksha_Infotech\shiksha_Infotech\solutions\ios-development\index.htm","solutions/ios-development/index.htm","2","../../"
"C:\Users\rushi\OneDrive\Desktop\shiksha_Infotech\shiksha_Infotech\solutions\it-consulting-advisory\index.htm","solutions/it-consulting-advisory/index.htm","2","../../"
"C:\Users\rushi\OneDrive\Desktop\shiksha_Infotech\shiksha_Infotech\solutions\managed-services\index.htm","solutions/managed-services/index.htm","2","../../"
"C:\Users\rushi\OneDrive\Desktop\shiksha_Infotech\shiksha_Infotech\solutions\mobile-app-development\index.htm","solutions/mobile-app-development/index.htm","2","../../"
"C:\Users\rushi\OneDrive\Desktop\shiksha_Infotech\shiksha_Infotech\solutions\mobile-development\index.htm","solutions/mobile-development/index.htm","2","../../"
"C:\Users\rushi\OneDrive\Desktop\shiksha_Infotech\shiksha_Infotech\solutions\network-connectivity\index.htm","solutions/network-connectivity/index.htm","2","../../"
"C:\Users\rushi\OneDrive\Desktop\shiksha_Infotech\shiksha_Infotech\solutions\nft-development\index.htm","solutions/nft-development/index.htm","2","../../"
"C:\Users\rushi\OneDrive\Desktop\shiksha_Infotech\shiksha_Infotech\solutions\security\index.htm","solutions/security/index.htm","2","../../"
"C:\Users\rushi\OneDrive\Desktop\shiksha_Infotech\shiksha_Infotech\solutions\software-development\index.htm","solutions/software-development/index.htm","2","../../"
"C:\Users\rushi\OneDrive\Desktop\shiksha_Infotech\shiksha_Infotech\solutions\staff-augmentation\index.htm","solutions/staff-augmentation/index.htm","2","../../"
"C:\Users\rushi\OneDrive\Desktop\shiksha_Infotech\shiksha_Infotech\solutions\web-app-development\index.htm","solutions/web-app-development/index.htm","2","../../"
"C:\Users\rushi\OneDrive\Desktop\shiksha_Infotech\shiksha_Infotech\solutions\web-development\index.htm","solutions/web-development/index.htm","2","../../"
"C:\Users\rushi\OneDrive\Desktop\shiksha_Infotech\shiksha_Infotech\tag\ai\index.htm","tag/ai/index.htm","2","../../"
"C:\Users\rushi\OneDrive\Desktop\shiksha_Infotech\shiksha_Infotech\tag\ai\feed\index.htm","tag/ai/feed/index.htm","3","../../../"
"C:\Users\rushi\OneDrive\Desktop\shiksha_Infotech\shiksha_Infotech\tag\banks-insurance\index.htm","tag/banks-insurance/index.htm","2","../../"
"C:\Users\rushi\OneDrive\Desktop\shiksha_Infotech\shiksha_Infotech\tag\banks-insurance\feed\index.htm","tag/banks-insurance/feed/index.htm","3","../../../"
"C:\Users\rushi\OneDrive\Desktop\shiksha_Infotech\shiksha_Infotech\tag\company\index.htm","tag/company/index.htm","2","../../"
"C:\Users\rushi\OneDrive\Desktop\shiksha_Infotech\shiksha_Infotech\tag\company\feed\index.htm","tag/company/feed/index.htm","3","../../../"
"C:\Users\rushi\OneDrive\Desktop\shiksha_Infotech\shiksha_Infotech\tag\cybersecurity\index.htm","tag/cybersecurity/index.htm","2","../../"
"C:\Users\rushi\OneDrive\Desktop\shiksha_Infotech\shiksha_Infotech\tag\cybersecurity\feed\index.htm","tag/cybersecurity/feed/index.htm","3","../../../"
"C:\Users\rushi\OneDrive\Desktop\shiksha_Infotech\shiksha_Infotech\tag\development\index.htm","tag/development/index.htm","2","../../"
"C:\Users\rushi\OneDrive\Desktop\shiksha_Infotech\shiksha_Infotech\tag\development\feed\index.htm","tag/development/feed/index.htm","3","../../../"
"C:\Users\rushi\OneDrive\Desktop\shiksha_Infotech\shiksha_Infotech\tag\education\index.htm","tag/education/index.htm","2","../../"
"C:\Users\rushi\OneDrive\Desktop\shiksha_Infotech\shiksha_Infotech\tag\education\feed\index.htm","tag/education/feed/index.htm","3","../../../"
"C:\Users\rushi\OneDrive\Desktop\shiksha_Infotech\shiksha_Infotech\tag\it\index.htm","tag/it/index.htm","2","../../"
"C:\Users\rushi\OneDrive\Desktop\shiksha_Infotech\shiksha_Infotech\tag\it\feed\index.htm","tag/it/feed/index.htm","3","../../../"
"C:\Users\rushi\OneDrive\Desktop\shiksha_Infotech\shiksha_Infotech\tag\product-engineering\index.htm","tag/product-engineering/index.htm","2","../../"
"C:\Users\rushi\OneDrive\Desktop\shiksha_Infotech\shiksha_Infotech\tag\product-engineering\feed\index.htm","tag/product-engineering/feed/index.htm","3","../../../"
"C:\Users\rushi\OneDrive\Desktop\shiksha_Infotech\shiksha_Infotech\team\index.htm","team/index.htm","1","../"
"C:\Users\rushi\OneDrive\Desktop\shiksha_Infotech\shiksha_Infotech\team\anton-thorne\index.htm","team/anton-thorne/index.htm","2","../../"
"C:\Users\rushi\OneDrive\Desktop\shiksha_Infotech\shiksha_Infotech\team\caran-hamilton\index.htm","team/caran-hamilton/index.htm","2","../../"
"C:\Users\rushi\OneDrive\Desktop\shiksha_Infotech\shiksha_Infotech\team\carlos-montega\index.htm","team/carlos-montega/index.htm","2","../../"
"C:\Users\rushi\OneDrive\Desktop\shiksha_Infotech\shiksha_Infotech\team\dan-zalman\index.htm","team/dan-zalman/index.htm","2","../../"
"C:\Users\rushi\OneDrive\Desktop\shiksha_Infotech\shiksha_Infotech\team\javier-morales\index.htm","team/javier-morales/index.htm","2","../../"
"C:\Users\rushi\OneDrive\Desktop\shiksha_Infotech\shiksha_Infotech\team\joe-nickalson\index.htm","team/joe-nickalson/index.htm","2","../../"
"C:\Users\rushi\OneDrive\Desktop\shiksha_Infotech\shiksha_Infotech\team\john-salivan\index.htm","team/john-salivan/index.htm","2","../../"
"C:\Users\rushi\OneDrive\Desktop\shiksha_Infotech\shiksha_Infotech\team\kevin-wolf\index.htm","team/kevin-wolf/index.htm","2","../../"
"C:\Users\rushi\OneDrive\Desktop\shiksha_Infotech\shiksha_Infotech\team\mat-zalman\index.htm","team/mat-zalman/index.htm","2","../../"
"C:\Users\rushi\OneDrive\Desktop\shiksha_Infotech\shiksha_Infotech\team\megan-oustin\index.htm","team/megan-oustin/index.htm","2","../../"
"C:\Users\rushi\OneDrive\Desktop\shiksha_Infotech\shiksha_Infotech\team\megan-palms\index.htm","team/megan-palms/index.htm","2","../../"
"C:\Users\rushi\OneDrive\Desktop\shiksha_Infotech\shiksha_Infotech\team\salivan-dhoe\index.htm","team/salivan-dhoe/index.htm","2","../../"
"C:\Users\rushi\OneDrive\Desktop\shiksha_Infotech\shiksha_Infotech\terms-conditions\index.htm","terms-conditions/index.htm","1","../"
"C:\Users\rushi\OneDrive\Desktop\shiksha_Infotech\shiksha_Infotech\why-us\index.htm","why-us/index.htm","1","../"
"C:\Users\rushi\OneDrive\Desktop\shiksha_Infotech\shiksha_Infotech\wp-json\index.htm","wp-json/index.htm","1","../"
